entity_id,state,last_changed
sensor.co2_mh_z19_co2_value,455,2025-02-20T22:00:00.000Z
sensor.co2_mh_z19_co2_value,474,2025-02-20T22:00:46.161Z
sensor.co2_mh_z19_co2_value,497,2025-02-20T22:01:46.157Z
sensor.co2_mh_z19_co2_value,485,2025-02-20T22:02:46.161Z
sensor.co2_mh_z19_co2_value,473,2025-02-20T22:03:46.163Z
sensor.co2_mh_z19_co2_value,502,2025-02-20T22:04:46.159Z
sensor.co2_mh_z19_co2_value,506,2025-02-20T22:05:46.156Z
sensor.co2_mh_z19_co2_value,485,2025-02-20T22:06:46.155Z
sensor.co2_mh_z19_co2_value,506,2025-02-20T22:07:46.164Z
sensor.co2_mh_z19_co2_value,509,2025-02-20T22:08:46.161Z
sensor.co2_mh_z19_co2_value,522,2025-02-20T22:09:46.157Z
sensor.co2_mh_z19_co2_value,516,2025-02-20T22:10:46.160Z
sensor.co2_mh_z19_co2_value,568,2025-02-20T22:11:46.163Z
sensor.co2_mh_z19_co2_value,597,2025-02-20T22:12:46.161Z
sensor.co2_mh_z19_co2_value,605,2025-02-20T22:13:46.158Z
sensor.co2_mh_z19_co2_value,645,2025-02-20T22:14:46.160Z
sensor.co2_mh_z19_co2_value,644,2025-02-20T22:15:46.160Z
sensor.co2_mh_z19_co2_value,642,2025-02-20T22:16:46.449Z
sensor.co2_mh_z19_co2_value,646,2025-02-20T22:17:46.394Z
sensor.co2_mh_z19_co2_value,657,2025-02-20T22:18:46.159Z
sensor.co2_mh_z19_co2_value,650,2025-02-20T22:19:46.174Z
sensor.co2_mh_z19_co2_value,648,2025-02-20T22:20:46.162Z
sensor.co2_mh_z19_co2_value,649,2025-02-20T22:21:46.169Z
sensor.co2_mh_z19_co2_value,654,2025-02-20T22:22:46.163Z
sensor.co2_mh_z19_co2_value,660,2025-02-20T22:23:46.167Z
sensor.co2_mh_z19_co2_value,691,2025-02-20T22:24:46.172Z
sensor.co2_mh_z19_co2_value,714,2025-02-20T22:25:46.163Z
sensor.co2_mh_z19_co2_value,711,2025-02-20T22:26:46.174Z
sensor.co2_mh_z19_co2_value,738,2025-02-20T22:27:46.168Z
sensor.co2_mh_z19_co2_value,779,2025-02-20T22:28:46.175Z
sensor.co2_mh_z19_co2_value,790,2025-02-20T22:29:46.163Z
sensor.co2_mh_z19_co2_value,777,2025-02-20T22:30:46.170Z
sensor.co2_mh_z19_co2_value,768,2025-02-20T22:31:46.169Z
sensor.co2_mh_z19_co2_value,777,2025-02-20T22:32:46.168Z
sensor.co2_mh_z19_co2_value,782,2025-02-20T22:33:46.175Z
sensor.co2_mh_z19_co2_value,766,2025-02-20T22:34:46.167Z
sensor.co2_mh_z19_co2_value,763,2025-02-20T22:35:46.169Z
sensor.co2_mh_z19_co2_value,788,2025-02-20T22:36:46.172Z
sensor.co2_mh_z19_co2_value,767,2025-02-20T22:37:46.172Z
sensor.co2_mh_z19_co2_value,770,2025-02-20T22:38:46.170Z
sensor.co2_mh_z19_co2_value,824,2025-02-20T22:39:46.176Z
sensor.co2_mh_z19_co2_value,820,2025-02-20T22:40:46.173Z
sensor.co2_mh_z19_co2_value,816,2025-02-20T22:41:46.177Z
sensor.co2_mh_z19_co2_value,821,2025-02-20T22:42:46.173Z
sensor.co2_mh_z19_co2_value,816,2025-02-20T22:43:46.174Z
sensor.co2_mh_z19_co2_value,828,2025-02-20T22:44:46.176Z
sensor.co2_mh_z19_co2_value,824,2025-02-20T22:45:46.179Z
sensor.co2_mh_z19_co2_value,837,2025-02-20T22:46:46.175Z
sensor.co2_mh_z19_co2_value,851,2025-02-20T22:47:46.174Z
sensor.co2_mh_z19_co2_value,855,2025-02-20T22:48:46.176Z
sensor.co2_mh_z19_co2_value,842,2025-02-20T22:49:46.175Z
sensor.co2_mh_z19_co2_value,859,2025-02-20T22:50:46.175Z
sensor.co2_mh_z19_co2_value,872,2025-02-20T22:51:46.181Z
sensor.co2_mh_z19_co2_value,843,2025-02-20T22:52:46.180Z
sensor.co2_mh_z19_co2_value,853,2025-02-20T22:53:46.177Z
sensor.co2_mh_z19_co2_value,855,2025-02-20T22:54:46.176Z
sensor.co2_mh_z19_co2_value,861,2025-02-20T22:55:46.181Z
sensor.co2_mh_z19_co2_value,867,2025-02-20T22:56:46.177Z
sensor.co2_mh_z19_co2_value,878,2025-02-20T22:57:46.175Z
sensor.co2_mh_z19_co2_value,907,2025-02-20T22:58:46.179Z
sensor.co2_mh_z19_co2_value,888,2025-02-20T22:59:46.178Z
sensor.co2_mh_z19_co2_value,884,2025-02-20T23:00:46.196Z
sensor.co2_mh_z19_co2_value,899,2025-02-20T23:01:46.183Z
sensor.co2_mh_z19_co2_value,913,2025-02-20T23:02:46.181Z
sensor.co2_mh_z19_co2_value,894,2025-02-20T23:03:46.179Z
sensor.co2_mh_z19_co2_value,880,2025-02-20T23:04:46.180Z
sensor.co2_mh_z19_co2_value,897,2025-02-20T23:05:46.177Z
sensor.co2_mh_z19_co2_value,925,2025-02-20T23:06:46.177Z
sensor.co2_mh_z19_co2_value,912,2025-02-20T23:07:46.196Z
sensor.co2_mh_z19_co2_value,902,2025-02-20T23:08:46.188Z
sensor.co2_mh_z19_co2_value,922,2025-02-20T23:09:46.182Z
sensor.co2_mh_z19_co2_value,917,2025-02-20T23:10:46.179Z
sensor.co2_mh_z19_co2_value,900,2025-02-20T23:11:46.183Z
sensor.co2_mh_z19_co2_value,916,2025-02-20T23:12:46.181Z
sensor.co2_mh_z19_co2_value,958,2025-02-20T23:13:46.178Z
sensor.co2_mh_z19_co2_value,991,2025-02-20T23:14:46.182Z
sensor.co2_mh_z19_co2_value,1014,2025-02-20T23:15:46.181Z
sensor.co2_mh_z19_co2_value,1010,2025-02-20T23:16:46.182Z
sensor.co2_mh_z19_co2_value,992,2025-02-20T23:17:46.184Z
sensor.co2_mh_z19_co2_value,997,2025-02-20T23:18:46.186Z
sensor.co2_mh_z19_co2_value,992,2025-02-20T23:19:46.183Z
sensor.co2_mh_z19_co2_value,996,2025-02-20T23:20:46.182Z
sensor.co2_mh_z19_co2_value,995,2025-02-20T23:22:46.199Z
sensor.co2_mh_z19_co2_value,1011,2025-02-20T23:23:46.187Z
sensor.co2_mh_z19_co2_value,1010,2025-02-20T23:24:46.182Z
sensor.co2_mh_z19_co2_value,1023,2025-02-20T23:25:46.188Z
sensor.co2_mh_z19_co2_value,1021,2025-02-20T23:26:46.184Z
sensor.co2_mh_z19_co2_value,996,2025-02-20T23:27:46.181Z
sensor.co2_mh_z19_co2_value,1045,2025-02-20T23:28:46.180Z
sensor.co2_mh_z19_co2_value,1037,2025-02-20T23:29:46.182Z
sensor.co2_mh_z19_co2_value,994,2025-02-20T23:30:46.182Z
sensor.co2_mh_z19_co2_value,991,2025-02-20T23:31:46.178Z
sensor.co2_mh_z19_co2_value,1010,2025-02-20T23:32:46.179Z
sensor.co2_mh_z19_co2_value,1032,2025-02-20T23:33:46.179Z
sensor.co2_mh_z19_co2_value,1037,2025-02-20T23:34:46.182Z
sensor.co2_mh_z19_co2_value,1033,2025-02-20T23:35:46.182Z
sensor.co2_mh_z19_co2_value,1037,2025-02-20T23:36:46.193Z
sensor.co2_mh_z19_co2_value,1029,2025-02-20T23:37:46.181Z
sensor.co2_mh_z19_co2_value,1031,2025-02-20T23:38:46.184Z
sensor.co2_mh_z19_co2_value,1038,2025-02-20T23:39:46.182Z
sensor.co2_mh_z19_co2_value,1032,2025-02-20T23:40:46.184Z
sensor.co2_mh_z19_co2_value,1044,2025-02-20T23:41:46.182Z
sensor.co2_mh_z19_co2_value,1052,2025-02-20T23:42:46.196Z
sensor.co2_mh_z19_co2_value,1043,2025-02-20T23:43:46.195Z
sensor.co2_mh_z19_co2_value,1034,2025-02-20T23:44:46.184Z
sensor.co2_mh_z19_co2_value,1035,2025-02-20T23:45:46.184Z
sensor.co2_mh_z19_co2_value,1281,2025-02-20T23:46:46.182Z
sensor.co2_mh_z19_co2_value,1302,2025-02-20T23:47:46.194Z
sensor.co2_mh_z19_co2_value,1291,2025-02-20T23:48:46.183Z
sensor.co2_mh_z19_co2_value,1280,2025-02-20T23:49:46.183Z
sensor.co2_mh_z19_co2_value,1284,2025-02-20T23:50:46.185Z
sensor.co2_mh_z19_co2_value,1283,2025-02-20T23:51:46.183Z
sensor.co2_mh_z19_co2_value,1298,2025-02-20T23:52:46.192Z
sensor.co2_mh_z19_co2_value,1309,2025-02-20T23:53:46.183Z
sensor.co2_mh_z19_co2_value,1277,2025-02-20T23:54:46.183Z
sensor.co2_mh_z19_co2_value,1313,2025-02-20T23:55:46.187Z
sensor.co2_mh_z19_co2_value,1275,2025-02-20T23:56:46.186Z
sensor.co2_mh_z19_co2_value,1274,2025-02-20T23:57:46.187Z
sensor.co2_mh_z19_co2_value,1291,2025-02-20T23:58:46.197Z
sensor.co2_mh_z19_co2_value,1290,2025-02-20T23:59:46.205Z
sensor.co2_mh_z19_co2_value,1291,2025-02-21T00:00:46.191Z
sensor.co2_mh_z19_co2_value,1288,2025-02-21T00:01:46.188Z
sensor.co2_mh_z19_co2_value,1291,2025-02-21T00:02:46.190Z
sensor.co2_mh_z19_co2_value,1303,2025-02-21T00:03:46.188Z
sensor.co2_mh_z19_co2_value,1323,2025-02-21T00:04:46.195Z
sensor.co2_mh_z19_co2_value,1302,2025-02-21T00:05:46.191Z
sensor.co2_mh_z19_co2_value,1296,2025-02-21T00:06:46.197Z
sensor.co2_mh_z19_co2_value,1332,2025-02-21T00:07:46.192Z
sensor.co2_mh_z19_co2_value,1356,2025-02-21T00:08:46.198Z
sensor.co2_mh_z19_co2_value,1361,2025-02-21T00:09:46.191Z
sensor.co2_mh_z19_co2_value,1353,2025-02-21T00:11:46.198Z
sensor.co2_mh_z19_co2_value,1349,2025-02-21T00:12:46.193Z
sensor.co2_mh_z19_co2_value,1378,2025-02-21T00:13:46.198Z
sensor.co2_mh_z19_co2_value,1406,2025-02-21T00:14:46.204Z
sensor.co2_mh_z19_co2_value,1380,2025-02-21T00:15:46.197Z
sensor.co2_mh_z19_co2_value,1347,2025-02-21T00:16:46.215Z
sensor.co2_mh_z19_co2_value,1365,2025-02-21T00:17:46.198Z
sensor.co2_mh_z19_co2_value,1357,2025-02-21T00:18:46.192Z
sensor.co2_mh_z19_co2_value,1384,2025-02-21T00:19:46.195Z
sensor.co2_mh_z19_co2_value,1375,2025-02-21T00:20:46.205Z
sensor.co2_mh_z19_co2_value,1377,2025-02-21T00:21:46.193Z
sensor.co2_mh_z19_co2_value,1387,2025-02-21T00:22:46.198Z
sensor.co2_mh_z19_co2_value,1369,2025-02-21T00:23:46.195Z
sensor.co2_mh_z19_co2_value,1377,2025-02-21T00:24:46.197Z
sensor.co2_mh_z19_co2_value,1390,2025-02-21T00:25:46.197Z
sensor.co2_mh_z19_co2_value,1376,2025-02-21T00:26:46.195Z
sensor.co2_mh_z19_co2_value,1400,2025-02-21T00:27:46.196Z
sensor.co2_mh_z19_co2_value,1408,2025-02-21T00:28:46.197Z
sensor.co2_mh_z19_co2_value,1401,2025-02-21T00:30:46.309Z
sensor.co2_mh_z19_co2_value,1407,2025-02-21T00:31:46.197Z
sensor.co2_mh_z19_co2_value,1408,2025-02-21T00:32:46.198Z
sensor.co2_mh_z19_co2_value,1429,2025-02-21T00:33:46.199Z
sensor.co2_mh_z19_co2_value,1424,2025-02-21T00:34:46.208Z
sensor.co2_mh_z19_co2_value,1409,2025-02-21T00:35:46.198Z
sensor.co2_mh_z19_co2_value,1402,2025-02-21T00:37:46.199Z
sensor.co2_mh_z19_co2_value,1417,2025-02-21T00:38:46.201Z
sensor.co2_mh_z19_co2_value,1424,2025-02-21T00:39:46.198Z
sensor.co2_mh_z19_co2_value,1412,2025-02-21T00:40:46.205Z
sensor.co2_mh_z19_co2_value,1418,2025-02-21T00:41:46.282Z
sensor.co2_mh_z19_co2_value,1419,2025-02-21T00:42:46.199Z
sensor.co2_mh_z19_co2_value,1425,2025-02-21T00:43:46.203Z
sensor.co2_mh_z19_co2_value,1438,2025-02-21T00:44:46.206Z
sensor.co2_mh_z19_co2_value,1452,2025-02-21T00:45:46.207Z
sensor.co2_mh_z19_co2_value,1442,2025-02-21T00:46:46.216Z
sensor.co2_mh_z19_co2_value,1435,2025-02-21T00:47:46.201Z
sensor.co2_mh_z19_co2_value,1428,2025-02-21T00:48:46.213Z
sensor.co2_mh_z19_co2_value,1424,2025-02-21T00:49:46.209Z
sensor.co2_mh_z19_co2_value,1421,2025-02-21T00:50:46.205Z
sensor.co2_mh_z19_co2_value,1433,2025-02-21T00:52:46.204Z
sensor.co2_mh_z19_co2_value,1441,2025-02-21T00:53:46.204Z
sensor.co2_mh_z19_co2_value,1449,2025-02-21T00:54:46.210Z
sensor.co2_mh_z19_co2_value,1417,2025-02-21T00:55:46.209Z
sensor.co2_mh_z19_co2_value,1421,2025-02-21T00:56:46.282Z
sensor.co2_mh_z19_co2_value,1411,2025-02-21T00:57:46.206Z
sensor.co2_mh_z19_co2_value,1403,2025-02-21T00:58:46.211Z
sensor.co2_mh_z19_co2_value,1424,2025-02-21T00:59:46.205Z
sensor.co2_mh_z19_co2_value,1399,2025-02-21T01:00:46.209Z
sensor.co2_mh_z19_co2_value,1388,2025-02-21T01:01:46.214Z
sensor.co2_mh_z19_co2_value,1395,2025-02-21T01:02:46.207Z
sensor.co2_mh_z19_co2_value,1399,2025-02-21T01:04:46.205Z
sensor.co2_mh_z19_co2_value,1407,2025-02-21T01:05:46.210Z
sensor.co2_mh_z19_co2_value,1455,2025-02-21T01:06:46.211Z
sensor.co2_mh_z19_co2_value,1471,2025-02-21T01:07:46.210Z
sensor.co2_mh_z19_co2_value,1469,2025-02-21T01:08:46.218Z
sensor.co2_mh_z19_co2_value,1476,2025-02-21T01:09:46.208Z
sensor.co2_mh_z19_co2_value,1471,2025-02-21T01:10:46.207Z
sensor.co2_mh_z19_co2_value,1505,2025-02-21T01:11:46.218Z
sensor.co2_mh_z19_co2_value,1495,2025-02-21T01:12:46.209Z
sensor.co2_mh_z19_co2_value,1455,2025-02-21T01:13:46.209Z
sensor.co2_mh_z19_co2_value,1457,2025-02-21T01:14:46.209Z
sensor.co2_mh_z19_co2_value,1440,2025-02-21T01:15:46.210Z
sensor.co2_mh_z19_co2_value,1435,2025-02-21T01:16:46.217Z
sensor.co2_mh_z19_co2_value,1455,2025-02-21T01:17:46.208Z
sensor.co2_mh_z19_co2_value,1462,2025-02-21T01:18:46.210Z
sensor.co2_mh_z19_co2_value,1427,2025-02-21T01:19:46.212Z
sensor.co2_mh_z19_co2_value,1438,2025-02-21T01:20:46.210Z
sensor.co2_mh_z19_co2_value,1445,2025-02-21T01:21:46.211Z
sensor.co2_mh_z19_co2_value,1460,2025-02-21T01:22:46.210Z
sensor.co2_mh_z19_co2_value,1446,2025-02-21T01:23:46.224Z
sensor.co2_mh_z19_co2_value,1437,2025-02-21T01:24:46.212Z
sensor.co2_mh_z19_co2_value,1471,2025-02-21T01:25:46.213Z
sensor.co2_mh_z19_co2_value,1486,2025-02-21T01:26:46.215Z
sensor.co2_mh_z19_co2_value,1463,2025-02-21T01:27:46.212Z
sensor.co2_mh_z19_co2_value,1442,2025-02-21T01:28:46.215Z
sensor.co2_mh_z19_co2_value,1433,2025-02-21T01:29:46.216Z
sensor.co2_mh_z19_co2_value,1459,2025-02-21T01:30:46.214Z
sensor.co2_mh_z19_co2_value,1437,2025-02-21T01:31:46.228Z
sensor.co2_mh_z19_co2_value,1445,2025-02-21T01:32:46.224Z
sensor.co2_mh_z19_co2_value,1475,2025-02-21T01:33:46.216Z
sensor.co2_mh_z19_co2_value,1464,2025-02-21T01:34:46.215Z
sensor.co2_mh_z19_co2_value,1455,2025-02-21T01:35:46.222Z
sensor.co2_mh_z19_co2_value,1439,2025-02-21T01:36:46.215Z
sensor.co2_mh_z19_co2_value,1445,2025-02-21T01:37:46.216Z
sensor.co2_mh_z19_co2_value,1457,2025-02-21T01:38:46.218Z
sensor.co2_mh_z19_co2_value,1445,2025-02-21T01:39:46.219Z
sensor.co2_mh_z19_co2_value,1440,2025-02-21T01:40:46.216Z
sensor.co2_mh_z19_co2_value,1418,2025-02-21T01:41:46.219Z
sensor.co2_mh_z19_co2_value,1461,2025-02-21T01:42:46.221Z
sensor.co2_mh_z19_co2_value,1448,2025-02-21T01:43:46.221Z
sensor.co2_mh_z19_co2_value,1423,2025-02-21T01:44:46.218Z
sensor.co2_mh_z19_co2_value,1445,2025-02-21T01:45:46.217Z
sensor.co2_mh_z19_co2_value,1451,2025-02-21T01:46:46.225Z
sensor.co2_mh_z19_co2_value,1435,2025-02-21T01:47:46.226Z
sensor.co2_mh_z19_co2_value,1421,2025-02-21T01:48:46.215Z
sensor.co2_mh_z19_co2_value,1417,2025-02-21T01:49:46.218Z
sensor.co2_mh_z19_co2_value,1411,2025-02-21T01:50:46.226Z
sensor.co2_mh_z19_co2_value,1405,2025-02-21T01:51:46.219Z
sensor.co2_mh_z19_co2_value,1430,2025-02-21T01:52:46.229Z
sensor.co2_mh_z19_co2_value,1426,2025-02-21T01:53:46.221Z
sensor.co2_mh_z19_co2_value,1404,2025-02-21T01:54:46.219Z
sensor.co2_mh_z19_co2_value,1409,2025-02-21T01:55:46.225Z
sensor.co2_mh_z19_co2_value,1412,2025-02-21T01:56:46.220Z
sensor.co2_mh_z19_co2_value,1408,2025-02-21T01:57:46.220Z
sensor.co2_mh_z19_co2_value,1390,2025-02-21T01:58:46.220Z
sensor.co2_mh_z19_co2_value,1387,2025-02-21T01:59:46.232Z
sensor.co2_mh_z19_co2_value,1359,2025-02-21T02:00:46.222Z
sensor.co2_mh_z19_co2_value,1356,2025-02-21T02:01:46.224Z
sensor.co2_mh_z19_co2_value,1341,2025-02-21T02:02:46.323Z
sensor.co2_mh_z19_co2_value,1336,2025-02-21T02:03:46.222Z
sensor.co2_mh_z19_co2_value,1351,2025-02-21T02:04:46.222Z
sensor.co2_mh_z19_co2_value,1344,2025-02-21T02:05:46.297Z
sensor.co2_mh_z19_co2_value,1333,2025-02-21T02:06:46.224Z
sensor.co2_mh_z19_co2_value,1334,2025-02-21T02:07:46.224Z
sensor.co2_mh_z19_co2_value,1340,2025-02-21T02:08:46.222Z
sensor.co2_mh_z19_co2_value,1324,2025-02-21T02:09:46.227Z
sensor.co2_mh_z19_co2_value,1329,2025-02-21T02:10:46.224Z
sensor.co2_mh_z19_co2_value,1334,2025-02-21T02:11:46.226Z
sensor.co2_mh_z19_co2_value,1345,2025-02-21T02:12:46.231Z
sensor.co2_mh_z19_co2_value,1351,2025-02-21T02:13:46.224Z
sensor.co2_mh_z19_co2_value,1355,2025-02-21T02:14:46.236Z
sensor.co2_mh_z19_co2_value,1356,2025-02-21T02:15:46.224Z
sensor.co2_mh_z19_co2_value,1335,2025-02-21T02:16:46.246Z
sensor.co2_mh_z19_co2_value,1314,2025-02-21T02:17:46.231Z
sensor.co2_mh_z19_co2_value,1328,2025-02-21T02:18:46.232Z
sensor.co2_mh_z19_co2_value,1324,2025-02-21T02:19:46.233Z
sensor.co2_mh_z19_co2_value,1310,2025-02-21T02:20:46.233Z
sensor.co2_mh_z19_co2_value,1343,2025-02-21T02:21:46.231Z
sensor.co2_mh_z19_co2_value,1339,2025-02-21T02:22:46.228Z
sensor.co2_mh_z19_co2_value,1338,2025-02-21T02:23:46.232Z
sensor.co2_mh_z19_co2_value,1329,2025-02-21T02:24:46.229Z
sensor.co2_mh_z19_co2_value,1353,2025-02-21T02:25:46.232Z
sensor.co2_mh_z19_co2_value,1343,2025-02-21T02:26:46.236Z
sensor.co2_mh_z19_co2_value,1344,2025-02-21T02:27:46.230Z
sensor.co2_mh_z19_co2_value,1330,2025-02-21T02:28:46.226Z
sensor.co2_mh_z19_co2_value,1338,2025-02-21T02:29:46.238Z
sensor.co2_mh_z19_co2_value,1332,2025-02-21T02:30:46.229Z
sensor.co2_mh_z19_co2_value,1316,2025-02-21T02:31:46.235Z
sensor.co2_mh_z19_co2_value,1341,2025-02-21T02:32:46.229Z
sensor.co2_mh_z19_co2_value,1328,2025-02-21T02:33:46.231Z
sensor.co2_mh_z19_co2_value,1336,2025-02-21T02:34:46.227Z
sensor.co2_mh_z19_co2_value,1347,2025-02-21T02:35:46.229Z
sensor.co2_mh_z19_co2_value,1310,2025-02-21T02:36:46.252Z
sensor.co2_mh_z19_co2_value,1314,2025-02-21T02:37:46.233Z
sensor.co2_mh_z19_co2_value,1317,2025-02-21T02:38:46.231Z
sensor.co2_mh_z19_co2_value,1326,2025-02-21T02:39:46.232Z
sensor.co2_mh_z19_co2_value,1323,2025-02-21T02:40:46.231Z
sensor.co2_mh_z19_co2_value,1329,2025-02-21T02:41:46.233Z
sensor.co2_mh_z19_co2_value,1301,2025-02-21T02:43:46.238Z
sensor.co2_mh_z19_co2_value,1294,2025-02-21T02:44:46.234Z
sensor.co2_mh_z19_co2_value,1309,2025-02-21T02:45:46.242Z
sensor.co2_mh_z19_co2_value,1328,2025-02-21T02:46:46.234Z
sensor.co2_mh_z19_co2_value,1340,2025-02-21T02:47:46.240Z
sensor.co2_mh_z19_co2_value,1327,2025-02-21T02:48:46.236Z
sensor.co2_mh_z19_co2_value,1324,2025-02-21T02:49:46.236Z
sensor.co2_mh_z19_co2_value,1301,2025-02-21T02:50:46.234Z
sensor.co2_mh_z19_co2_value,1292,2025-02-21T02:51:46.247Z
sensor.co2_mh_z19_co2_value,1320,2025-02-21T02:52:46.240Z
sensor.co2_mh_z19_co2_value,1334,2025-02-21T02:53:46.235Z
sensor.co2_mh_z19_co2_value,1319,2025-02-21T02:54:46.234Z
sensor.co2_mh_z19_co2_value,1313,2025-02-21T02:55:46.239Z
sensor.co2_mh_z19_co2_value,1317,2025-02-21T02:56:46.281Z
sensor.co2_mh_z19_co2_value,1287,2025-02-21T02:57:46.242Z
sensor.co2_mh_z19_co2_value,1301,2025-02-21T02:58:46.294Z
sensor.co2_mh_z19_co2_value,1323,2025-02-21T02:59:46.235Z
sensor.co2_mh_z19_co2_value,1288,2025-02-21T03:00:46.237Z
sensor.co2_mh_z19_co2_value,1301,2025-02-21T03:01:46.240Z
sensor.co2_mh_z19_co2_value,1324,2025-02-21T03:02:46.246Z
sensor.co2_mh_z19_co2_value,1322,2025-02-21T03:03:46.237Z
sensor.co2_mh_z19_co2_value,1317,2025-02-21T03:04:46.243Z
sensor.co2_mh_z19_co2_value,1323,2025-02-21T03:05:46.248Z
sensor.co2_mh_z19_co2_value,1321,2025-02-21T03:06:46.237Z
sensor.co2_mh_z19_co2_value,1303,2025-02-21T03:07:46.253Z
sensor.co2_mh_z19_co2_value,1308,2025-02-21T03:08:46.240Z
sensor.co2_mh_z19_co2_value,1317,2025-02-21T03:09:46.240Z
sensor.co2_mh_z19_co2_value,1348,2025-02-21T03:10:46.241Z
sensor.co2_mh_z19_co2_value,1380,2025-02-21T03:11:46.238Z
sensor.co2_mh_z19_co2_value,1362,2025-02-21T03:12:46.245Z
sensor.co2_mh_z19_co2_value,1363,2025-02-21T03:13:46.244Z
sensor.co2_mh_z19_co2_value,1357,2025-02-21T03:14:46.240Z
sensor.co2_mh_z19_co2_value,1391,2025-02-21T03:15:46.239Z
sensor.co2_mh_z19_co2_value,1402,2025-02-21T03:16:46.240Z
sensor.co2_mh_z19_co2_value,1377,2025-02-21T03:17:46.248Z
sensor.co2_mh_z19_co2_value,1385,2025-02-21T03:18:46.248Z
sensor.co2_mh_z19_co2_value,1401,2025-02-21T03:19:46.246Z
sensor.co2_mh_z19_co2_value,1406,2025-02-21T03:20:46.243Z
sensor.co2_mh_z19_co2_value,1419,2025-02-21T03:21:46.246Z
sensor.co2_mh_z19_co2_value,1433,2025-02-21T03:22:46.240Z
sensor.co2_mh_z19_co2_value,1429,2025-02-21T03:23:46.266Z
sensor.co2_mh_z19_co2_value,1437,2025-02-21T03:24:46.243Z
sensor.co2_mh_z19_co2_value,1447,2025-02-21T03:25:46.245Z
sensor.co2_mh_z19_co2_value,1435,2025-02-21T03:26:46.254Z
sensor.co2_mh_z19_co2_value,1432,2025-02-21T03:27:46.251Z
sensor.co2_mh_z19_co2_value,1429,2025-02-21T03:28:46.258Z
sensor.co2_mh_z19_co2_value,1427,2025-02-21T03:29:46.253Z
sensor.co2_mh_z19_co2_value,1387,2025-02-21T03:30:46.243Z
sensor.co2_mh_z19_co2_value,1361,2025-02-21T03:31:46.247Z
sensor.co2_mh_z19_co2_value,1360,2025-02-21T03:32:46.243Z
sensor.co2_mh_z19_co2_value,1342,2025-02-21T03:33:46.246Z
sensor.co2_mh_z19_co2_value,1308,2025-02-21T03:34:46.254Z
sensor.co2_mh_z19_co2_value,1291,2025-02-21T03:35:46.258Z
sensor.co2_mh_z19_co2_value,1294,2025-02-21T03:36:46.250Z
sensor.co2_mh_z19_co2_value,1329,2025-02-21T03:37:46.270Z
sensor.co2_mh_z19_co2_value,1321,2025-02-21T03:38:46.251Z
sensor.co2_mh_z19_co2_value,1330,2025-02-21T03:39:46.247Z
sensor.co2_mh_z19_co2_value,1315,2025-02-21T03:40:46.249Z
sensor.co2_mh_z19_co2_value,1289,2025-02-21T03:41:46.250Z
sensor.co2_mh_z19_co2_value,1296,2025-02-21T03:42:46.253Z
sensor.co2_mh_z19_co2_value,1314,2025-02-21T03:43:46.249Z
sensor.co2_mh_z19_co2_value,1306,2025-02-21T03:44:46.255Z
sensor.co2_mh_z19_co2_value,1308,2025-02-21T03:45:46.261Z
sensor.co2_mh_z19_co2_value,1329,2025-02-21T03:46:46.255Z
sensor.co2_mh_z19_co2_value,1312,2025-02-21T03:47:46.251Z
sensor.co2_mh_z19_co2_value,1314,2025-02-21T03:48:46.249Z
sensor.co2_mh_z19_co2_value,1327,2025-02-21T03:49:46.249Z
sensor.co2_mh_z19_co2_value,1337,2025-02-21T03:50:46.256Z
sensor.co2_mh_z19_co2_value,1355,2025-02-21T03:51:46.253Z
sensor.co2_mh_z19_co2_value,1315,2025-02-21T03:52:46.264Z
sensor.co2_mh_z19_co2_value,1329,2025-02-21T03:53:46.251Z
sensor.co2_mh_z19_co2_value,1331,2025-02-21T03:54:46.251Z
sensor.co2_mh_z19_co2_value,1355,2025-02-21T03:55:46.252Z
sensor.co2_mh_z19_co2_value,1373,2025-02-21T03:56:46.255Z
sensor.co2_mh_z19_co2_value,1333,2025-02-21T03:57:46.253Z
sensor.co2_mh_z19_co2_value,1326,2025-02-21T03:58:46.257Z
sensor.co2_mh_z19_co2_value,1336,2025-02-21T03:59:46.264Z
sensor.co2_mh_z19_co2_value,1332,2025-02-21T04:00:46.258Z
sensor.co2_mh_z19_co2_value,1330,2025-02-21T04:01:46.255Z
sensor.co2_mh_z19_co2_value,1327,2025-02-21T04:02:46.257Z
sensor.co2_mh_z19_co2_value,1338,2025-02-21T04:03:46.252Z
sensor.co2_mh_z19_co2_value,1325,2025-02-21T04:04:46.253Z
sensor.co2_mh_z19_co2_value,1332,2025-02-21T04:05:46.257Z
sensor.co2_mh_z19_co2_value,1313,2025-02-21T04:06:46.259Z
sensor.co2_mh_z19_co2_value,1314,2025-02-21T04:07:46.262Z
sensor.co2_mh_z19_co2_value,1319,2025-02-21T04:08:46.258Z
sensor.co2_mh_z19_co2_value,1317,2025-02-21T04:09:46.265Z
sensor.co2_mh_z19_co2_value,1301,2025-02-21T04:10:46.256Z
sensor.co2_mh_z19_co2_value,1305,2025-02-21T04:11:46.264Z
sensor.co2_mh_z19_co2_value,1281,2025-02-21T04:12:46.260Z
sensor.co2_mh_z19_co2_value,1269,2025-02-21T04:13:46.295Z
sensor.co2_mh_z19_co2_value,1266,2025-02-21T04:14:46.257Z
sensor.co2_mh_z19_co2_value,1268,2025-02-21T04:15:46.306Z
sensor.co2_mh_z19_co2_value,1280,2025-02-21T04:16:47.237Z
sensor.co2_mh_z19_co2_value,1270,2025-02-21T04:17:46.269Z
sensor.co2_mh_z19_co2_value,1281,2025-02-21T04:18:46.268Z
sensor.co2_mh_z19_co2_value,1283,2025-02-21T04:19:46.258Z
sensor.co2_mh_z19_co2_value,1285,2025-02-21T04:20:46.256Z
sensor.co2_mh_z19_co2_value,1279,2025-02-21T04:21:46.263Z
sensor.co2_mh_z19_co2_value,1285,2025-02-21T04:22:46.254Z
sensor.co2_mh_z19_co2_value,1311,2025-02-21T04:23:46.264Z
sensor.co2_mh_z19_co2_value,1297,2025-02-21T04:24:46.258Z
sensor.co2_mh_z19_co2_value,1295,2025-02-21T04:25:46.256Z
sensor.co2_mh_z19_co2_value,1306,2025-02-21T04:26:46.259Z
sensor.co2_mh_z19_co2_value,1294,2025-02-21T04:27:46.286Z
sensor.co2_mh_z19_co2_value,1301,2025-02-21T04:28:46.267Z
sensor.co2_mh_z19_co2_value,1328,2025-02-21T04:29:46.299Z
sensor.co2_mh_z19_co2_value,1302,2025-02-21T04:30:46.261Z
sensor.co2_mh_z19_co2_value,1285,2025-02-21T04:32:46.321Z
sensor.co2_mh_z19_co2_value,1318,2025-02-21T04:33:46.261Z
sensor.co2_mh_z19_co2_value,1308,2025-02-21T04:34:46.334Z
sensor.co2_mh_z19_co2_value,1311,2025-02-21T04:35:46.263Z
sensor.co2_mh_z19_co2_value,1344,2025-02-21T04:36:46.264Z
sensor.co2_mh_z19_co2_value,1322,2025-02-21T04:37:46.352Z
sensor.co2_mh_z19_co2_value,1308,2025-02-21T04:38:46.261Z
sensor.co2_mh_z19_co2_value,1344,2025-02-21T04:39:46.263Z
sensor.co2_mh_z19_co2_value,1323,2025-02-21T04:40:46.259Z
sensor.co2_mh_z19_co2_value,1339,2025-02-21T04:41:46.261Z
sensor.co2_mh_z19_co2_value,1326,2025-02-21T04:42:46.266Z
sensor.co2_mh_z19_co2_value,1328,2025-02-21T04:43:46.263Z
sensor.co2_mh_z19_co2_value,1332,2025-02-21T04:44:46.263Z
sensor.co2_mh_z19_co2_value,1315,2025-02-21T04:45:46.270Z
sensor.co2_mh_z19_co2_value,1299,2025-02-21T04:46:46.262Z
sensor.co2_mh_z19_co2_value,1307,2025-02-21T04:47:46.263Z
sensor.co2_mh_z19_co2_value,1313,2025-02-21T04:48:46.263Z
sensor.co2_mh_z19_co2_value,1309,2025-02-21T04:49:46.262Z
sensor.co2_mh_z19_co2_value,1320,2025-02-21T04:50:46.259Z
sensor.co2_mh_z19_co2_value,1324,2025-02-21T04:51:46.264Z
sensor.co2_mh_z19_co2_value,1335,2025-02-21T04:52:46.263Z
sensor.co2_mh_z19_co2_value,1319,2025-02-21T04:53:46.267Z
sensor.co2_mh_z19_co2_value,1331,2025-02-21T04:54:46.264Z
sensor.co2_mh_z19_co2_value,1332,2025-02-21T04:55:46.269Z
sensor.co2_mh_z19_co2_value,1328,2025-02-21T04:56:46.265Z
sensor.co2_mh_z19_co2_value,1312,2025-02-21T04:57:46.273Z
sensor.co2_mh_z19_co2_value,1311,2025-02-21T04:58:46.280Z
sensor.co2_mh_z19_co2_value,1327,2025-02-21T04:59:46.267Z
sensor.co2_mh_z19_co2_value,1311,2025-02-21T05:00:46.266Z
sensor.co2_mh_z19_co2_value,1288,2025-02-21T05:01:46.267Z
sensor.co2_mh_z19_co2_value,1300,2025-02-21T05:02:46.265Z
sensor.co2_mh_z19_co2_value,1331,2025-02-21T05:03:46.266Z
sensor.co2_mh_z19_co2_value,1306,2025-02-21T05:04:46.266Z
sensor.co2_mh_z19_co2_value,1281,2025-02-21T05:05:46.271Z
sensor.co2_mh_z19_co2_value,1293,2025-02-21T05:06:46.269Z
sensor.co2_mh_z19_co2_value,1300,2025-02-21T05:07:46.272Z
sensor.co2_mh_z19_co2_value,1297,2025-02-21T05:08:46.273Z
sensor.co2_mh_z19_co2_value,1315,2025-02-21T05:09:46.269Z
sensor.co2_mh_z19_co2_value,1312,2025-02-21T05:10:46.280Z
sensor.co2_mh_z19_co2_value,1287,2025-02-21T05:11:46.282Z
sensor.co2_mh_z19_co2_value,1315,2025-02-21T05:12:46.269Z
sensor.co2_mh_z19_co2_value,1304,2025-02-21T05:13:46.273Z
sensor.co2_mh_z19_co2_value,1284,2025-02-21T05:14:46.280Z
sensor.co2_mh_z19_co2_value,1295,2025-02-21T05:15:46.268Z
sensor.co2_mh_z19_co2_value,1308,2025-02-21T05:16:46.272Z
sensor.co2_mh_z19_co2_value,1316,2025-02-21T05:17:46.270Z
sensor.co2_mh_z19_co2_value,1327,2025-02-21T05:18:46.281Z
sensor.co2_mh_z19_co2_value,1281,2025-02-21T05:19:46.274Z
sensor.co2_mh_z19_co2_value,1306,2025-02-21T05:21:46.278Z
sensor.co2_mh_z19_co2_value,1301,2025-02-21T05:23:46.287Z
sensor.co2_mh_z19_co2_value,1291,2025-02-21T05:24:46.276Z
sensor.co2_mh_z19_co2_value,1278,2025-02-21T05:25:46.281Z
sensor.co2_mh_z19_co2_value,1277,2025-02-21T05:26:46.281Z
sensor.co2_mh_z19_co2_value,1308,2025-02-21T05:27:46.275Z
sensor.co2_mh_z19_co2_value,1324,2025-02-21T05:28:46.274Z
sensor.co2_mh_z19_co2_value,1315,2025-02-21T05:29:46.286Z
sensor.co2_mh_z19_co2_value,1277,2025-02-21T05:30:46.284Z
sensor.co2_mh_z19_co2_value,1281,2025-02-21T05:31:46.276Z
sensor.co2_mh_z19_co2_value,1293,2025-02-21T05:32:46.275Z
sensor.co2_mh_z19_co2_value,1285,2025-02-21T05:33:46.275Z
sensor.co2_mh_z19_co2_value,1273,2025-02-21T05:34:46.278Z
sensor.co2_mh_z19_co2_value,1289,2025-02-21T05:35:46.275Z
sensor.co2_mh_z19_co2_value,1311,2025-02-21T05:36:46.276Z
sensor.co2_mh_z19_co2_value,1298,2025-02-21T05:37:46.277Z
sensor.co2_mh_z19_co2_value,1287,2025-02-21T05:38:46.279Z
sensor.co2_mh_z19_co2_value,1291,2025-02-21T05:39:46.279Z
sensor.co2_mh_z19_co2_value,1276,2025-02-21T05:40:46.285Z
sensor.co2_mh_z19_co2_value,1278,2025-02-21T05:41:46.379Z
sensor.co2_mh_z19_co2_value,1297,2025-02-21T05:42:46.283Z
sensor.co2_mh_z19_co2_value,1302,2025-02-21T05:43:46.282Z
sensor.co2_mh_z19_co2_value,1287,2025-02-21T05:44:46.286Z
sensor.co2_mh_z19_co2_value,1291,2025-02-21T05:45:46.279Z
sensor.co2_mh_z19_co2_value,1284,2025-02-21T05:46:46.284Z
sensor.co2_mh_z19_co2_value,1282,2025-02-21T05:47:46.285Z
sensor.co2_mh_z19_co2_value,1303,2025-02-21T05:48:46.283Z
sensor.co2_mh_z19_co2_value,1304,2025-02-21T05:49:46.331Z
sensor.co2_mh_z19_co2_value,1315,2025-02-21T05:50:46.282Z
sensor.co2_mh_z19_co2_value,1295,2025-02-21T05:51:46.345Z
sensor.co2_mh_z19_co2_value,1297,2025-02-21T05:52:46.284Z
sensor.co2_mh_z19_co2_value,1314,2025-02-21T05:53:46.286Z
sensor.co2_mh_z19_co2_value,1312,2025-02-21T05:54:46.284Z
sensor.co2_mh_z19_co2_value,1280,2025-02-21T05:55:46.286Z
sensor.co2_mh_z19_co2_value,1292,2025-02-21T05:56:46.285Z
sensor.co2_mh_z19_co2_value,1310,2025-02-21T05:57:46.289Z
sensor.co2_mh_z19_co2_value,1315,2025-02-21T05:58:46.285Z
sensor.co2_mh_z19_co2_value,1320,2025-02-21T05:59:46.291Z
sensor.co2_mh_z19_co2_value,1326,2025-02-21T06:00:46.290Z
sensor.co2_mh_z19_co2_value,1313,2025-02-21T06:01:46.291Z
sensor.co2_mh_z19_co2_value,1297,2025-02-21T06:02:46.289Z
sensor.co2_mh_z19_co2_value,1310,2025-02-21T06:03:46.292Z
sensor.co2_mh_z19_co2_value,1317,2025-02-21T06:04:46.294Z
sensor.co2_mh_z19_co2_value,1285,2025-02-21T06:05:46.293Z
sensor.co2_mh_z19_co2_value,1294,2025-02-21T06:06:46.288Z
sensor.co2_mh_z19_co2_value,1313,2025-02-21T06:07:46.290Z
sensor.co2_mh_z19_co2_value,1316,2025-02-21T06:08:46.294Z
sensor.co2_mh_z19_co2_value,1304,2025-02-21T06:09:46.293Z
sensor.co2_mh_z19_co2_value,1286,2025-02-21T06:10:46.287Z
sensor.co2_mh_z19_co2_value,1314,2025-02-21T06:11:46.287Z
sensor.co2_mh_z19_co2_value,1315,2025-02-21T06:12:46.288Z
sensor.co2_mh_z19_co2_value,1287,2025-02-21T06:13:46.293Z
sensor.co2_mh_z19_co2_value,1311,2025-02-21T06:14:46.288Z
sensor.co2_mh_z19_co2_value,1298,2025-02-21T06:15:46.295Z
sensor.co2_mh_z19_co2_value,1299,2025-02-21T06:16:46.291Z
sensor.co2_mh_z19_co2_value,1293,2025-02-21T06:17:46.297Z
sensor.co2_mh_z19_co2_value,1290,2025-02-21T06:18:46.289Z
sensor.co2_mh_z19_co2_value,1300,2025-02-21T06:19:46.289Z
sensor.co2_mh_z19_co2_value,1291,2025-02-21T06:20:46.292Z
sensor.co2_mh_z19_co2_value,1299,2025-02-21T06:21:46.291Z
sensor.co2_mh_z19_co2_value,1278,2025-02-21T06:22:46.290Z
sensor.co2_mh_z19_co2_value,1288,2025-02-21T06:23:46.290Z
sensor.co2_mh_z19_co2_value,1292,2025-02-21T06:24:46.292Z
sensor.co2_mh_z19_co2_value,1288,2025-02-21T06:25:46.288Z
sensor.co2_mh_z19_co2_value,1306,2025-02-21T06:26:46.290Z
sensor.co2_mh_z19_co2_value,1280,2025-02-21T06:27:46.295Z
sensor.co2_mh_z19_co2_value,1278,2025-02-21T06:28:46.297Z
sensor.co2_mh_z19_co2_value,1277,2025-02-21T06:30:46.292Z
sensor.co2_mh_z19_co2_value,1265,2025-02-21T06:31:46.300Z
sensor.co2_mh_z19_co2_value,1273,2025-02-21T06:32:46.292Z
sensor.co2_mh_z19_co2_value,1297,2025-02-21T06:33:46.292Z
sensor.co2_mh_z19_co2_value,1310,2025-02-21T06:34:46.293Z
sensor.co2_mh_z19_co2_value,1329,2025-02-21T06:35:46.290Z
sensor.co2_mh_z19_co2_value,1345,2025-02-21T06:36:46.296Z
sensor.co2_mh_z19_co2_value,1308,2025-02-21T06:37:46.292Z
sensor.co2_mh_z19_co2_value,1306,2025-02-21T06:38:46.299Z
sensor.co2_mh_z19_co2_value,1332,2025-02-21T06:39:46.295Z
sensor.co2_mh_z19_co2_value,1339,2025-02-21T06:40:46.293Z
sensor.co2_mh_z19_co2_value,1340,2025-02-21T06:41:46.295Z
sensor.co2_mh_z19_co2_value,1319,2025-02-21T06:42:46.295Z
sensor.co2_mh_z19_co2_value,1328,2025-02-21T06:43:46.297Z
sensor.co2_mh_z19_co2_value,1296,2025-02-21T06:44:46.297Z
sensor.co2_mh_z19_co2_value,1284,2025-02-21T06:45:46.319Z
sensor.co2_mh_z19_co2_value,1261,2025-02-21T06:46:46.296Z
sensor.co2_mh_z19_co2_value,1270,2025-02-21T06:47:46.297Z
sensor.co2_mh_z19_co2_value,1286,2025-02-21T06:48:46.298Z
sensor.co2_mh_z19_co2_value,1289,2025-02-21T06:49:46.300Z
sensor.co2_mh_z19_co2_value,1298,2025-02-21T06:50:46.295Z
sensor.co2_mh_z19_co2_value,1313,2025-02-21T06:51:46.302Z
sensor.co2_mh_z19_co2_value,1300,2025-02-21T06:52:46.296Z
sensor.co2_mh_z19_co2_value,1278,2025-02-21T06:53:46.297Z
sensor.co2_mh_z19_co2_value,1285,2025-02-21T06:54:46.298Z
sensor.co2_mh_z19_co2_value,1296,2025-02-21T06:55:46.297Z
sensor.co2_mh_z19_co2_value,1294,2025-02-21T06:56:46.308Z
sensor.co2_mh_z19_co2_value,1270,2025-02-21T06:57:46.298Z
sensor.co2_mh_z19_co2_value,1291,2025-02-21T06:58:46.304Z
sensor.co2_mh_z19_co2_value,1285,2025-02-21T06:59:46.302Z
sensor.co2_mh_z19_co2_value,1274,2025-02-21T07:00:46.313Z
sensor.co2_mh_z19_co2_value,1261,2025-02-21T07:01:46.299Z
sensor.co2_mh_z19_co2_value,1251,2025-02-21T07:02:46.300Z
sensor.co2_mh_z19_co2_value,1248,2025-02-21T07:03:46.299Z
sensor.co2_mh_z19_co2_value,1252,2025-02-21T07:04:46.310Z
sensor.co2_mh_z19_co2_value,1246,2025-02-21T07:05:46.304Z
sensor.co2_mh_z19_co2_value,1242,2025-02-21T07:06:46.299Z
sensor.co2_mh_z19_co2_value,1244,2025-02-21T07:07:46.302Z
sensor.co2_mh_z19_co2_value,1248,2025-02-21T07:08:46.299Z
sensor.co2_mh_z19_co2_value,1252,2025-02-21T07:09:46.301Z
sensor.co2_mh_z19_co2_value,1258,2025-02-21T07:10:46.308Z
sensor.co2_mh_z19_co2_value,1243,2025-02-21T07:11:46.377Z
sensor.co2_mh_z19_co2_value,1250,2025-02-21T07:13:46.308Z
sensor.co2_mh_z19_co2_value,1246,2025-02-21T07:14:46.313Z
sensor.co2_mh_z19_co2_value,1255,2025-02-21T07:15:46.311Z
sensor.co2_mh_z19_co2_value,1240,2025-02-21T07:16:46.308Z
sensor.co2_mh_z19_co2_value,1263,2025-02-21T07:17:46.307Z
sensor.co2_mh_z19_co2_value,1324,2025-02-21T07:18:46.314Z
sensor.co2_mh_z19_co2_value,1328,2025-02-21T07:19:46.313Z
sensor.co2_mh_z19_co2_value,1364,2025-02-21T07:20:46.305Z
sensor.co2_mh_z19_co2_value,1363,2025-02-21T07:21:46.307Z
sensor.co2_mh_z19_co2_value,1357,2025-02-21T07:22:46.305Z
sensor.co2_mh_z19_co2_value,1352,2025-02-21T07:23:46.317Z
sensor.co2_mh_z19_co2_value,1402,2025-02-21T07:24:46.309Z
sensor.co2_mh_z19_co2_value,1405,2025-02-21T07:25:46.308Z
sensor.co2_mh_z19_co2_value,1385,2025-02-21T07:26:46.308Z
sensor.co2_mh_z19_co2_value,1367,2025-02-21T07:27:46.310Z
sensor.co2_mh_z19_co2_value,1375,2025-02-21T07:28:46.309Z
sensor.co2_mh_z19_co2_value,1362,2025-02-21T07:29:46.306Z
sensor.co2_mh_z19_co2_value,1342,2025-02-21T07:30:46.311Z
sensor.co2_mh_z19_co2_value,1366,2025-02-21T07:31:46.313Z
sensor.co2_mh_z19_co2_value,1371,2025-02-21T07:32:46.327Z
sensor.co2_mh_z19_co2_value,1338,2025-02-21T07:33:46.312Z
sensor.co2_mh_z19_co2_value,1372,2025-02-21T07:34:46.311Z
sensor.co2_mh_z19_co2_value,1388,2025-02-21T07:35:46.308Z
sensor.co2_mh_z19_co2_value,1401,2025-02-21T07:36:46.311Z
sensor.co2_mh_z19_co2_value,1383,2025-02-21T07:37:46.315Z
sensor.co2_mh_z19_co2_value,1335,2025-02-21T07:38:46.316Z
sensor.co2_mh_z19_co2_value,1329,2025-02-21T07:39:46.309Z
sensor.co2_mh_z19_co2_value,1325,2025-02-21T07:40:46.307Z
sensor.co2_mh_z19_co2_value,1320,2025-02-21T07:41:46.310Z
sensor.co2_mh_z19_co2_value,1360,2025-02-21T07:42:46.311Z
sensor.co2_mh_z19_co2_value,1356,2025-02-21T07:43:46.312Z
sensor.co2_mh_z19_co2_value,1326,2025-02-21T07:44:46.313Z
sensor.co2_mh_z19_co2_value,1289,2025-02-21T07:45:46.309Z
sensor.co2_mh_z19_co2_value,1302,2025-02-21T07:46:46.316Z
sensor.co2_mh_z19_co2_value,1286,2025-02-21T07:47:46.320Z
sensor.co2_mh_z19_co2_value,1274,2025-02-21T07:48:46.325Z
sensor.co2_mh_z19_co2_value,1297,2025-02-21T07:49:46.321Z
sensor.co2_mh_z19_co2_value,1295,2025-02-21T07:50:46.318Z
sensor.co2_mh_z19_co2_value,1296,2025-02-21T07:51:46.312Z
sensor.co2_mh_z19_co2_value,1295,2025-02-21T07:52:46.317Z
sensor.co2_mh_z19_co2_value,1269,2025-02-21T07:53:46.317Z
sensor.co2_mh_z19_co2_value,1263,2025-02-21T07:54:46.317Z
sensor.co2_mh_z19_co2_value,1270,2025-02-21T07:55:46.320Z
sensor.co2_mh_z19_co2_value,1302,2025-02-21T07:56:46.318Z
sensor.co2_mh_z19_co2_value,1277,2025-02-21T07:57:46.321Z
sensor.co2_mh_z19_co2_value,1286,2025-02-21T07:58:46.314Z
sensor.co2_mh_z19_co2_value,1281,2025-02-21T07:59:46.320Z
sensor.co2_mh_z19_co2_value,1292,2025-02-21T08:00:46.317Z
sensor.co2_mh_z19_co2_value,1285,2025-02-21T08:01:46.317Z
sensor.co2_mh_z19_co2_value,1262,2025-02-21T08:02:46.329Z
sensor.co2_mh_z19_co2_value,1243,2025-02-21T08:03:46.326Z
sensor.co2_mh_z19_co2_value,1264,2025-02-21T08:04:46.319Z
sensor.co2_mh_z19_co2_value,1272,2025-02-21T08:05:46.325Z
sensor.co2_mh_z19_co2_value,1239,2025-02-21T08:06:46.320Z
sensor.co2_mh_z19_co2_value,1236,2025-02-21T08:07:46.329Z
sensor.co2_mh_z19_co2_value,1278,2025-02-21T08:08:46.319Z
sensor.co2_mh_z19_co2_value,1279,2025-02-21T08:09:46.324Z
sensor.co2_mh_z19_co2_value,1275,2025-02-21T08:10:46.335Z
sensor.co2_mh_z19_co2_value,1276,2025-02-21T08:11:46.318Z
sensor.co2_mh_z19_co2_value,1268,2025-02-21T08:12:46.317Z
sensor.co2_mh_z19_co2_value,1277,2025-02-21T08:14:46.324Z
sensor.co2_mh_z19_co2_value,1284,2025-02-21T08:15:46.319Z
sensor.co2_mh_z19_co2_value,1260,2025-02-21T08:16:46.318Z
sensor.co2_mh_z19_co2_value,1246,2025-02-21T08:17:46.327Z
sensor.co2_mh_z19_co2_value,1258,2025-02-21T08:18:46.322Z
sensor.co2_mh_z19_co2_value,1276,2025-02-21T08:19:46.319Z
sensor.co2_mh_z19_co2_value,1231,2025-02-21T08:20:46.333Z
sensor.co2_mh_z19_co2_value,1243,2025-02-21T08:21:46.323Z
sensor.co2_mh_z19_co2_value,1270,2025-02-21T08:22:46.326Z
sensor.co2_mh_z19_co2_value,1255,2025-02-21T08:23:46.322Z
sensor.co2_mh_z19_co2_value,1265,2025-02-21T08:24:46.319Z
sensor.co2_mh_z19_co2_value,1246,2025-02-21T08:25:46.320Z
sensor.co2_mh_z19_co2_value,1243,2025-02-21T08:26:46.324Z
sensor.co2_mh_z19_co2_value,1260,2025-02-21T08:27:46.330Z
sensor.co2_mh_z19_co2_value,1267,2025-02-21T08:28:46.320Z
sensor.co2_mh_z19_co2_value,1236,2025-02-21T08:29:46.320Z
sensor.co2_mh_z19_co2_value,1243,2025-02-21T08:30:46.323Z
sensor.co2_mh_z19_co2_value,1262,2025-02-21T08:31:46.323Z
sensor.co2_mh_z19_co2_value,1269,2025-02-21T08:32:46.331Z
sensor.co2_mh_z19_co2_value,1280,2025-02-21T08:33:46.421Z
sensor.co2_mh_z19_co2_value,1306,2025-02-21T08:34:46.335Z
sensor.co2_mh_z19_co2_value,1291,2025-02-21T08:35:46.319Z
sensor.co2_mh_z19_co2_value,1259,2025-02-21T08:36:46.325Z
sensor.co2_mh_z19_co2_value,1263,2025-02-21T08:37:46.338Z
sensor.co2_mh_z19_co2_value,1273,2025-02-21T08:38:46.323Z
sensor.co2_mh_z19_co2_value,1284,2025-02-21T08:39:46.323Z
sensor.co2_mh_z19_co2_value,1266,2025-02-21T08:40:46.366Z
sensor.co2_mh_z19_co2_value,1272,2025-02-21T08:41:46.331Z
sensor.co2_mh_z19_co2_value,1279,2025-02-21T08:42:46.331Z
sensor.co2_mh_z19_co2_value,1240,2025-02-21T08:43:46.334Z
sensor.co2_mh_z19_co2_value,1199,2025-02-21T08:44:46.335Z
sensor.co2_mh_z19_co2_value,1186,2025-02-21T08:45:46.325Z
sensor.co2_mh_z19_co2_value,1197,2025-02-21T08:46:46.329Z
sensor.co2_mh_z19_co2_value,1201,2025-02-21T08:47:46.331Z
sensor.co2_mh_z19_co2_value,1203,2025-02-21T08:48:46.325Z
sensor.co2_mh_z19_co2_value,1193,2025-02-21T08:49:46.327Z
sensor.co2_mh_z19_co2_value,1200,2025-02-21T08:50:46.326Z
sensor.co2_mh_z19_co2_value,1190,2025-02-21T08:51:46.328Z
sensor.co2_mh_z19_co2_value,1192,2025-02-21T08:52:46.349Z
sensor.co2_mh_z19_co2_value,1195,2025-02-21T08:53:46.327Z
sensor.co2_mh_z19_co2_value,1168,2025-02-21T08:54:46.328Z
sensor.co2_mh_z19_co2_value,1160,2025-02-21T08:55:46.328Z
sensor.co2_mh_z19_co2_value,1165,2025-02-21T08:56:46.327Z
sensor.co2_mh_z19_co2_value,1167,2025-02-21T08:57:46.331Z
sensor.co2_mh_z19_co2_value,1136,2025-02-21T08:58:46.333Z
sensor.co2_mh_z19_co2_value,1130,2025-02-21T08:59:46.335Z
sensor.co2_mh_z19_co2_value,1134,2025-02-21T09:00:46.337Z
sensor.co2_mh_z19_co2_value,1140,2025-02-21T09:01:46.333Z
sensor.co2_mh_z19_co2_value,1119,2025-02-21T09:02:46.329Z
sensor.co2_mh_z19_co2_value,1128,2025-02-21T09:03:46.332Z
sensor.co2_mh_z19_co2_value,1143,2025-02-21T09:04:46.329Z
sensor.co2_mh_z19_co2_value,1139,2025-02-21T09:05:46.333Z
sensor.co2_mh_z19_co2_value,1113,2025-02-21T09:06:46.333Z
sensor.co2_mh_z19_co2_value,1100,2025-02-21T09:07:46.331Z
sensor.co2_mh_z19_co2_value,1119,2025-02-21T09:08:46.332Z
sensor.co2_mh_z19_co2_value,1156,2025-02-21T09:09:46.332Z
sensor.co2_mh_z19_co2_value,1146,2025-02-21T09:10:46.330Z
sensor.co2_mh_z19_co2_value,1134,2025-02-21T09:11:46.333Z
sensor.co2_mh_z19_co2_value,1133,2025-02-21T09:13:46.335Z
sensor.co2_mh_z19_co2_value,1121,2025-02-21T09:14:46.335Z
sensor.co2_mh_z19_co2_value,1140,2025-02-21T09:15:46.339Z
sensor.co2_mh_z19_co2_value,1128,2025-02-21T09:16:46.336Z
sensor.co2_mh_z19_co2_value,1117,2025-02-21T09:17:46.340Z
sensor.co2_mh_z19_co2_value,1128,2025-02-21T09:18:46.334Z
sensor.co2_mh_z19_co2_value,1092,2025-02-21T09:19:46.340Z
sensor.co2_mh_z19_co2_value,1115,2025-02-21T09:20:46.342Z
sensor.co2_mh_z19_co2_value,1129,2025-02-21T09:21:46.334Z
sensor.co2_mh_z19_co2_value,1135,2025-02-21T09:22:46.339Z
sensor.co2_mh_z19_co2_value,1125,2025-02-21T09:23:46.336Z
sensor.co2_mh_z19_co2_value,1115,2025-02-21T09:24:46.336Z
sensor.co2_mh_z19_co2_value,1139,2025-02-21T09:25:46.338Z
sensor.co2_mh_z19_co2_value,1128,2025-02-21T09:27:46.340Z
sensor.co2_mh_z19_co2_value,1124,2025-02-21T09:28:46.348Z
sensor.co2_mh_z19_co2_value,1108,2025-02-21T09:29:46.337Z
sensor.co2_mh_z19_co2_value,1173,2025-02-21T09:30:46.340Z
sensor.co2_mh_z19_co2_value,1146,2025-02-21T09:31:46.336Z
sensor.co2_mh_z19_co2_value,1101,2025-02-21T09:32:46.345Z
sensor.co2_mh_z19_co2_value,1111,2025-02-21T09:33:46.343Z
sensor.co2_mh_z19_co2_value,1081,2025-02-21T09:34:46.340Z
sensor.co2_mh_z19_co2_value,1046,2025-02-21T09:35:46.361Z
sensor.co2_mh_z19_co2_value,1013,2025-02-21T09:36:46.354Z
sensor.co2_mh_z19_co2_value,938,2025-02-21T09:37:46.345Z
sensor.co2_mh_z19_co2_value,930,2025-02-21T09:38:46.338Z
sensor.co2_mh_z19_co2_value,910,2025-02-21T09:39:46.344Z
sensor.co2_mh_z19_co2_value,903,2025-02-21T09:40:46.343Z
sensor.co2_mh_z19_co2_value,934,2025-02-21T09:41:46.373Z
sensor.co2_mh_z19_co2_value,922,2025-02-21T09:42:46.342Z
sensor.co2_mh_z19_co2_value,914,2025-02-21T09:43:46.348Z
sensor.co2_mh_z19_co2_value,905,2025-02-21T09:44:46.356Z
sensor.co2_mh_z19_co2_value,895,2025-02-21T09:45:46.342Z
sensor.co2_mh_z19_co2_value,882,2025-02-21T09:46:46.344Z
sensor.co2_mh_z19_co2_value,885,2025-02-21T09:47:46.345Z
sensor.co2_mh_z19_co2_value,906,2025-02-21T09:48:46.356Z
sensor.co2_mh_z19_co2_value,877,2025-02-21T09:49:46.348Z
sensor.co2_mh_z19_co2_value,870,2025-02-21T09:50:46.860Z
sensor.co2_mh_z19_co2_value,861,2025-02-21T09:51:46.449Z
sensor.co2_mh_z19_co2_value,830,2025-02-21T09:52:46.350Z
sensor.co2_mh_z19_co2_value,847,2025-02-21T09:53:46.343Z
sensor.co2_mh_z19_co2_value,831,2025-02-21T09:54:46.347Z
sensor.co2_mh_z19_co2_value,814,2025-02-21T09:55:46.351Z
sensor.co2_mh_z19_co2_value,835,2025-02-21T09:56:46.346Z
sensor.co2_mh_z19_co2_value,828,2025-02-21T09:57:46.345Z
sensor.co2_mh_z19_co2_value,810,2025-02-21T09:58:46.353Z
sensor.co2_mh_z19_co2_value,815,2025-02-21T09:59:46.352Z
sensor.co2_mh_z19_co2_value,821,2025-02-21T10:01:46.366Z
sensor.co2_mh_z19_co2_value,826,2025-02-21T10:02:46.350Z
sensor.co2_mh_z19_co2_value,831,2025-02-21T10:03:46.344Z
sensor.co2_mh_z19_co2_value,807,2025-02-21T10:04:46.360Z
sensor.co2_mh_z19_co2_value,817,2025-02-21T10:05:46.367Z
sensor.co2_mh_z19_co2_value,794,2025-02-21T10:07:46.350Z
sensor.co2_mh_z19_co2_value,811,2025-02-21T10:08:46.356Z
sensor.co2_mh_z19_co2_value,819,2025-02-21T10:09:46.349Z
sensor.co2_mh_z19_co2_value,789,2025-02-21T10:10:46.348Z
sensor.co2_mh_z19_co2_value,784,2025-02-21T10:11:46.355Z
sensor.co2_mh_z19_co2_value,765,2025-02-21T10:12:46.360Z
sensor.co2_mh_z19_co2_value,756,2025-02-21T10:13:46.352Z
sensor.co2_mh_z19_co2_value,775,2025-02-21T10:14:46.357Z
sensor.co2_mh_z19_co2_value,789,2025-02-21T10:15:46.358Z
sensor.co2_mh_z19_co2_value,775,2025-02-21T10:16:46.355Z
sensor.co2_mh_z19_co2_value,770,2025-02-21T10:17:46.356Z
sensor.co2_mh_z19_co2_value,776,2025-02-21T10:18:46.355Z
sensor.co2_mh_z19_co2_value,777,2025-02-21T10:19:46.362Z
sensor.co2_mh_z19_co2_value,775,2025-02-21T10:20:46.352Z
sensor.co2_mh_z19_co2_value,761,2025-02-21T10:21:46.361Z
sensor.co2_mh_z19_co2_value,758,2025-02-21T10:22:46.369Z
sensor.co2_mh_z19_co2_value,750,2025-02-21T10:23:46.358Z
sensor.co2_mh_z19_co2_value,743,2025-02-21T10:24:46.360Z
sensor.co2_mh_z19_co2_value,763,2025-02-21T10:25:46.356Z
sensor.co2_mh_z19_co2_value,752,2025-02-21T10:26:46.355Z
sensor.co2_mh_z19_co2_value,unavailable,2025-02-21T10:28:53.278Z
sensor.co2_mh_z19_co2_value,unknown,2025-02-21T10:28:58.229Z
sensor.co2_mh_z19_co2_value,691,2025-02-21T10:30:26.841Z
sensor.co2_mh_z19_co2_value,650,2025-02-21T10:31:26.745Z
sensor.co2_mh_z19_co2_value,647,2025-02-21T10:32:26.709Z
sensor.co2_mh_z19_co2_value,688,2025-02-21T10:33:26.710Z
sensor.co2_mh_z19_co2_value,679,2025-02-21T10:34:26.703Z
sensor.co2_mh_z19_co2_value,689,2025-02-21T10:35:26.698Z
sensor.co2_mh_z19_co2_value,702,2025-02-21T10:36:26.711Z
sensor.co2_mh_z19_co2_value,691,2025-02-21T10:37:26.787Z
sensor.co2_mh_z19_co2_value,683,2025-02-21T10:38:26.793Z
sensor.co2_mh_z19_co2_value,696,2025-02-21T10:39:26.801Z
sensor.co2_mh_z19_co2_value,699,2025-02-21T10:40:26.707Z
sensor.co2_mh_z19_co2_value,706,2025-02-21T10:41:26.703Z
sensor.co2_mh_z19_co2_value,704,2025-02-21T10:42:26.702Z
sensor.co2_mh_z19_co2_value,697,2025-02-21T10:43:26.705Z
sensor.co2_mh_z19_co2_value,712,2025-02-21T10:45:26.703Z
sensor.co2_mh_z19_co2_value,724,2025-02-21T10:46:26.718Z
sensor.co2_mh_z19_co2_value,743,2025-02-21T10:47:26.713Z
sensor.co2_mh_z19_co2_value,737,2025-02-21T10:48:26.706Z
sensor.co2_mh_z19_co2_value,727,2025-02-21T10:49:26.715Z
sensor.co2_mh_z19_co2_value,708,2025-02-21T10:50:26.714Z
sensor.co2_mh_z19_co2_value,693,2025-02-21T10:51:26.713Z
sensor.co2_mh_z19_co2_value,702,2025-02-21T10:52:26.716Z
sensor.co2_mh_z19_co2_value,663,2025-02-21T10:53:26.706Z
sensor.co2_mh_z19_co2_value,659,2025-02-21T10:54:26.707Z
sensor.co2_mh_z19_co2_value,667,2025-02-21T10:55:26.713Z
sensor.co2_mh_z19_co2_value,657,2025-02-21T10:56:26.718Z
sensor.co2_mh_z19_co2_value,654,2025-02-21T10:57:26.720Z
sensor.co2_mh_z19_co2_value,670,2025-02-21T10:58:26.716Z
sensor.co2_mh_z19_co2_value,673,2025-02-21T10:59:26.720Z
sensor.co2_mh_z19_co2_value,676,2025-02-21T11:00:26.713Z
sensor.co2_mh_z19_co2_value,673,2025-02-21T11:01:26.718Z
sensor.co2_mh_z19_co2_value,690,2025-02-21T11:02:26.717Z
sensor.co2_mh_z19_co2_value,691,2025-02-21T11:03:26.720Z
sensor.co2_mh_z19_co2_value,724,2025-02-21T11:04:26.715Z
sensor.co2_mh_z19_co2_value,715,2025-02-21T11:05:26.726Z
sensor.co2_mh_z19_co2_value,703,2025-02-21T11:06:26.716Z
sensor.co2_mh_z19_co2_value,712,2025-02-21T11:07:26.709Z
sensor.co2_mh_z19_co2_value,733,2025-02-21T11:08:26.730Z
sensor.co2_mh_z19_co2_value,746,2025-02-21T11:09:26.799Z
sensor.co2_mh_z19_co2_value,748,2025-02-21T11:10:26.715Z
sensor.co2_mh_z19_co2_value,742,2025-02-21T11:11:26.727Z
sensor.co2_mh_z19_co2_value,736,2025-02-21T11:12:26.723Z
sensor.co2_mh_z19_co2_value,733,2025-02-21T11:13:26.826Z
sensor.co2_mh_z19_co2_value,757,2025-02-21T11:14:26.735Z
sensor.co2_mh_z19_co2_value,749,2025-02-21T11:15:26.717Z
sensor.co2_mh_z19_co2_value,736,2025-02-21T11:16:26.744Z
sensor.co2_mh_z19_co2_value,749,2025-02-21T11:17:26.751Z
sensor.co2_mh_z19_co2_value,747,2025-02-21T11:18:26.721Z
sensor.co2_mh_z19_co2_value,725,2025-02-21T11:19:26.763Z
sensor.co2_mh_z19_co2_value,726,2025-02-21T11:20:26.722Z
sensor.co2_mh_z19_co2_value,746,2025-02-21T11:21:26.778Z
sensor.co2_mh_z19_co2_value,750,2025-02-21T11:22:26.728Z
sensor.co2_mh_z19_co2_value,745,2025-02-21T11:23:26.716Z
sensor.co2_mh_z19_co2_value,unavailable,2025-02-21T11:26:51.817Z
sensor.co2_mh_z19_co2_value,unknown,2025-02-21T11:26:55.384Z
sensor.co2_mh_z19_co2_value,407,2025-02-21T11:28:35.325Z
sensor.co2_mh_z19_co2_value,408,2025-02-21T11:30:35.111Z
sensor.co2_mh_z19_co2_value,406,2025-02-21T11:31:35.108Z
sensor.co2_mh_z19_co2_value,407,2025-02-21T11:32:35.103Z
sensor.co2_mh_z19_co2_value,408,2025-02-21T11:37:35.103Z
sensor.co2_mh_z19_co2_value,409,2025-02-21T11:42:35.120Z
sensor.co2_mh_z19_co2_value,410,2025-02-21T11:43:35.103Z
sensor.co2_mh_z19_co2_value,443,2025-02-21T11:44:35.129Z
sensor.co2_mh_z19_co2_value,506,2025-02-21T11:45:35.107Z
sensor.co2_mh_z19_co2_value,522,2025-02-21T11:46:35.119Z
sensor.co2_mh_z19_co2_value,500,2025-02-21T11:47:35.105Z
sensor.co2_mh_z19_co2_value,489,2025-02-21T11:48:35.119Z
sensor.co2_mh_z19_co2_value,450,2025-02-21T11:49:35.107Z
sensor.co2_mh_z19_co2_value,416,2025-02-21T11:50:35.118Z
sensor.co2_mh_z19_co2_value,410,2025-02-21T11:51:35.111Z
sensor.co2_mh_z19_co2_value,409,2025-02-21T11:52:35.113Z
sensor.co2_mh_z19_co2_value,408,2025-02-21T11:56:35.125Z
sensor.co2_mh_z19_co2_value,407,2025-02-21T11:59:35.108Z
sensor.co2_mh_z19_co2_value,408,2025-02-21T12:02:35.120Z
sensor.co2_mh_z19_co2_value,407,2025-02-21T12:05:35.107Z
sensor.co2_mh_z19_co2_value,unavailable,2025-02-21T12:07:43.080Z
sensor.co2_mh_z19_co2_value,unknown,2025-02-21T12:18:37.501Z
sensor.co2_mh_z19_co2_value,625,2025-02-21T12:20:15.463Z
sensor.co2_mh_z19_co2_value,624,2025-02-21T12:21:15.332Z
sensor.co2_mh_z19_co2_value,625,2025-02-21T12:22:15.332Z
sensor.co2_mh_z19_co2_value,626,2025-02-21T12:23:15.329Z
sensor.co2_mh_z19_co2_value,640,2025-02-21T12:24:15.327Z
sensor.co2_mh_z19_co2_value,659,2025-02-21T12:25:15.335Z
sensor.co2_mh_z19_co2_value,671,2025-02-21T12:26:15.342Z
sensor.co2_mh_z19_co2_value,675,2025-02-21T12:27:15.351Z
sensor.co2_mh_z19_co2_value,668,2025-02-21T12:28:15.339Z
sensor.co2_mh_z19_co2_value,666,2025-02-21T12:29:15.334Z
sensor.co2_mh_z19_co2_value,690,2025-02-21T12:30:15.334Z
sensor.co2_mh_z19_co2_value,667,2025-02-21T12:31:15.337Z
sensor.co2_mh_z19_co2_value,670,2025-02-21T12:32:15.328Z
sensor.co2_mh_z19_co2_value,687,2025-02-21T12:33:15.335Z
sensor.co2_mh_z19_co2_value,697,2025-02-21T12:34:15.339Z
sensor.co2_mh_z19_co2_value,680,2025-02-21T12:35:15.334Z
sensor.co2_mh_z19_co2_value,685,2025-02-21T12:36:15.335Z
sensor.co2_mh_z19_co2_value,695,2025-02-21T12:37:15.331Z
sensor.co2_mh_z19_co2_value,685,2025-02-21T12:38:15.339Z
sensor.co2_mh_z19_co2_value,686,2025-02-21T12:40:15.339Z
sensor.co2_mh_z19_co2_value,716,2025-02-21T12:41:15.337Z
sensor.co2_mh_z19_co2_value,728,2025-02-21T12:42:15.335Z
sensor.co2_mh_z19_co2_value,691,2025-02-21T12:43:15.337Z
sensor.co2_mh_z19_co2_value,678,2025-02-21T12:44:15.343Z
sensor.co2_mh_z19_co2_value,708,2025-02-21T12:45:15.339Z
sensor.co2_mh_z19_co2_value,721,2025-02-21T12:46:15.337Z
sensor.co2_mh_z19_co2_value,722,2025-02-21T12:47:15.342Z
sensor.co2_mh_z19_co2_value,unavailable,2025-02-21T12:48:50.118Z
sensor.co2_mh_z19_co2_value,unknown,2025-02-21T12:48:55.054Z
sensor.co2_mh_z19_co2_value,628,2025-02-21T12:50:28.959Z
sensor.co2_mh_z19_co2_value,627,2025-02-21T12:51:28.843Z
sensor.co2_mh_z19_co2_value,586,2025-02-21T12:52:28.850Z
sensor.co2_mh_z19_co2_value,635,2025-02-21T12:53:28.844Z
sensor.co2_mh_z19_co2_value,677,2025-02-21T12:54:28.846Z
sensor.co2_mh_z19_co2_value,647,2025-02-21T12:55:28.849Z
